Page ID,Page name,Disclaimer,Amount spent (CHF),Number of ads in Library
131066326987,SP Kanton Zürich,SP Kanton Zürich,37318,45
533196430187039,KMU- und Gewerbeverband Kanton Zürich,KMU- und Gewerbeverband Kanton Zürich KGV,31849,99
627220684023668,GRÜNE Zürich,Grüne Kanton Zürich,21369,93
102662476058956,Hans-Peter Amrein in den Regierungsrat,Hans-Peter Amrein in den Regierungsrat,20986,30
252652524823017,EVP Kanton Zürich,EVP Kanton Zürich,17296,98
100369729335133,"Peter Grünenfelder, Regierungsratskandidat Zürich",Peter Grünenfelder c/o FDP Kanton Zürich,16729,179
169510248558,Die Mitte - Le Centre,Die Mitte,15850,33
202006389857644,Grünliberale Kanton Zürich,Grünliberale Partei Zürich,11751,137
126256997433456,SP Baselland,SP Baselland,10948,14
970401509667271,Priska Seiler Graf - Nationalrätin,Priska Seiler Graf in den Regierungsrat,10902,59
154212901272905,FDP.Die Liberalen Baselland,FDP.Die Liberalen Baselland,10759,220
170449246402589,Grünliberale Stadt Zürich,Grünliberale Partei Stadt Zürich,7444,40
1903129656584980,SP Uster,SP Uster,7356,25
245030556232364,Grünliberale Partei Basel-Landschaft,Grünliberale Partei Basel-Landschaft,6714,96
1959919117421939,FDP.Die Liberalen Bezirk Bülach,FDP.Die Liberalen Bezirk Bülach,6321,12
108392832120312,Perspektive Zürich,Perspektive Zürich,5961,46
450602808776880,Martin Neukom,Martin Neukom,5679,20
610098352377102,Christian Pfaller,Komitee Christian Pfaller,5651,65
106241572361769,Carmen Walker Späh FDP,Carmen Walker Späh,5013,18
583706025047684,Pierre Rappazzo in den Zürcher Kantonsrat,Pierre Rappazzo,4507,6
224581297586778,Gewerkschaftsbund des Kantons Zürich,Gewerkschaftsbund des Kantons Zürich,4467,15
705478906236710,FDP.Die Liberalen Bezirk Uster,FDP.Die Liberalen Bezirk Uster,4213,9
117741198303856,FDP Kanton Zürich,FDP Kanton Zürich,3977,29
105527252338650,perspektiveschweiz.ch,IG Wirtschaftsverbände,3936,18
100381452863244,Libertés et Justice sociale,Libertés et Justice sociale,3909,56
82752099000,Alternative Liste ZH,Alternative Liste Zürich,3697,86
260591187302640,Parti socialiste genevois,Parti socialiste genevois,3557,30
100195119489766,Benno Scherrer in den Regierungsrat,Benno Scherrer,3513,6
428690117258417,SVP des Kantons Zürich,SVP des Kantons Zürich,3432,20
103082059271118,SP Bezirk Hinwil,SP Wetzikon,3378,50
97220294896,SP Schweiz,SP Schweiz,3076,4
109469528675603,Philipp Egger,Philipp Egger,2869,24
324773857561365,Die Mitte Kanton Zürich,Die Mitte Kanton Zürich,2803,20
161852057173460,SP Bezirk Affoltern,SP Bezirk Affoltern,2657,32
191136321464981,Die Mitte Stadt Winterthur,Die Mitte Stadt Winterthur,2651,13
147717218614170,PLR Genève,PLR.Les Libéraux-Radicaux Genève,2636,48
288659088239530,MCG Officiel,Mouvement Citoyens Genevois,2590,83
317591871730585,SVP Bezirk Meilen,Marc Michel Wachter,2500,3
106020715591381,"Thomi Jourdan - Regierungsratskandidat Baselland - ""fürs Baselbiet vo morn""",Thomi Jourdan in den Regierungsrat,2477,28
113035494739725,Simon Vlk,Simon Vlk,2472,5
187828241245131,Grüne Baselland,Grüne Baselland,2419,48
103550668590403,Mieux vivre sa vie,Mieux Vivre Sa Vie,2247,59
600706570124933,Verkehrssanierungen JA,Verkehrssanierungen JA,2016,20
111081131629685,Blackout stoppen,Volksinitiative «Jederzeit Strom für alle (Blackout stoppen)»,1909,20
1722137767860098,Grüne Bülach,Grüne Bülach,1888,57
108206818777404,Bezirksgewerbeverband Bülach,Bezirksgewerbeverband Bülach,1887,26
117027101705789,FDP Stadt Zürich,FDP Stadt Zürich,1886,15
109213507316253,SP Zürich 11,SP Zürich,1851,25
259871484198551,Thomas Matter,Thomas Matter,1815,10
119245155521044,Ylli Doko - Politiker - FDP Die.Liberalen,Ylli Doko,1804,11
231086633606227,SVP Baselland,SVP Baselland,1686,395
103440272521713,Sarah Fuchs in den Kantonsrat,Sarah Fuchs,1667,28
194790813901953,Grüne Schweiz,Grüne Schweiz,1567,7
100341315500438,Kirchensteuern sei Dank - St.Gallen,Katholischer Kofessionsteil des Kantons St.Gallen,1449,14
105257442419923,Die Mitte Bezirk Bülach,Die Mitte Bezirk Bülach,1371,15
200825306651250,Renato Pfeffer EVP,EVP Kanton Zürich,1356,14
1769803096579445,Grünliberale Bezirk Horgen,Grünliberale Bezirk Horgen,1325,10
155659847849677,Martin Huber in den Kantonsrat,Martin Huber in den Kantonsrat,1305,7
375845269120737,FDP. Die Liberalen Dietikon,FDP. Die Liberalen Dietikon,1247,16
106254955524910,SVP Binningen,SVP Binningen,1217,3
1534982756793690,Foodvisor,These ads ran without a disclaimer,1215,4
231320586878427,Hauseigentümerverband (HEV) Region Winterthur,Hauseigentümerverband Region Winterthur,1198,2
113326388690102,SP Zürich 1 und 2,SP Zürich 1+2,1188,2
921336971288655,Nagra,Nagra,1133,5
154976914534194,Save the Children Schweiz/Suisse,Save the Children Schweiz,1122,4
101669982579717,Die Mitte Bezirk Uster,Die Mitte Bezirk Uster,1111,9
110151814882388,Benjamin Gautschi,Benjamin Gautschi,1098,8
1700824713324064,SP Zürich 10,SP Zürich 10,1087,19
109123788743774,Benjamin Frei,Benjamin Rolf Frei,1085,10
1476717905682561,SP Zürich 6,SP Zürich 6,1068,21
469738339721305,SP Zürich 3,Sozialdemokratische Partei Zürich 3,1057,24
388815591176119,SP Zürich 9,SP Zürich,1057,25
108351771294208,Hubert Boog,Hubert Walter Boog,1055,5
102691421255810,PlanBasel,PlanBasel,1043,3
156831187737967,JUSO Kanton Zürich,Jungsozialist*innen Kanton Zürich,1039,13
100489412910247,Nora Ernst - GLP,Nora Ernst - GLP,1015,7
1582348792001263,SP 4&5 Zürich,SP Zürich 4 & 5,1013,17
291359247729208,PS Suisse,PS Suisse,1000,2
169752569742293,Schweizerischer Gewerbeverband sgv,Schweizerischer Gewerbeverband sgv,997,17
109742838576665,Sandro Gerber - FDP.Die Liberalen - Kantonsratskandidat ZH 2023,sandrogerber,993,40
110409811924321,Urs Christian Eugster FDP,Urs Christian Eugster,979,3
207703323162140,"Doris Meier, Kantonsrätin und a. Gemeindepräsidentin von Bassersdorf",Doris Meier-Kobler,977,6
1556534881244272,Grünliberale Bezirk Uster,Grünliberale Bezirk Uster,965,20
257497631736082,Gletscher-Initiative,Verein Klimaschutz Schweiz,954,4
106264082355003,Sven Heinzelmann,Komitee «Sven Heinzelmann in den Kantonsrat»,953,13
1092252917594218,Initiative pour les glaciers,Association suisse pour la protection du climat,939,5
1464661227009326,SVP Bezirk Uster,SVP Bezirk Uster,936,18
1483343695307824,Campax,Campax,913,15
100432824661437,Bettina Balmer FDP,Bettina Balmer,905,9
105858378539790,FDP Wädenswil,FDP Wädenswil,865,1
102408406000910,Bürgerliche Allianz,Berchtold Marketing GmbH,836,7
131136176944674,FDP.Die Liberalen Bezirk Pfäffikon,FDP.Die Liberalen Bezirk Pfäffikon,829,29
2034886056799460,Raphael Tobler,Raphael Tobler,817,9
110547838607111,NON IN 179,FER Genève - Fédération des Entreprises Romandes Genève,795,8
175478195846132,Les Vert·e·s suisses,Grüne Schweiz,793,3
1764183190338571,SVP Kreis 3,Derek Richter,785,13
354548604968651,Peter Metzinger in den Kantonsrat,Peter Alois Metzinger,778,14
107411260903386,Emyze. All in for less.,These ads ran without a disclaimer,773,12
488909884546537,GLP Winterthur Land,GLP Winterthur Land,772,18
154614821560013,FDP.Die Liberalen Uster,FDP Uster,750,1
105268722430698,Philippe Guldin GLP,Grunliberale,741,6
113189798267288,Karl Heinz Meyer Wahlkampf 2023,Karl Heinz Meyer,740,7
170262515730,FDP.Die Liberalen Arlesheim,FDP.Die Liberalen Arlesheim,722,10
1464489323856911,FDP Zürich 2,FDP Zürich 2,696,4
355710291577008,Grüne Kreis 3/9,Grüne Kreis 3/9,689,5
1604136306538918,Marc Wachter,Marc Michel Wachter,665,4
1607548886172610,Hans-Ulrich Bigler,Hans-Ulrich Bigler,664,1
112713445046863,Thomas Schlumpf,Thomas Schlumpf,657,2
360920524334417,Grünliberale Adliswil,Grünliberale Adliswil,656,17
210502125711731,FDP Bezirk Affoltern,FDP.Die Liberalen Knonaueramt,655,6
111516028427691,Die Mitte Oberes Baselbiet,Die Mitte Oberes Baselbiet,655,18
136341053227140,EVP Winterthur,EVP Kanton Zürich,646,26
1587949341492441,Claudio Zihlmann,Claudio Zihlmann,635,37
145402065523845,Kanton Zürich,Kanton Zürich,630,1
164288990272811,FDP Region Winterthur in den Zürcher Kantonsrat,FDP Region Winterthur in den Zürcher Kantonsrat,628,8
105190875802704,Thomas Noack,Schweizer und Noack in den Regierungsrat,610,1
103269145789541,Stop au blackout,Initiative populaire « De l’électricité pour tous en tout temps (Stop au blackout) »,609,10
101012679501703,Stephan Siegel in den Landrat,Stephan Siegel in den Landrat,599,2
106300899437929,Patrick Hässig,Patrick Hässig,599,5
751036244998194,FDP Stadt Zürich Kreis 4&5,FDP Kreis 4&5,594,11
106964611977537,Switlo,Switlo,589,5
100247945907067,Züri wählt,züri wählt,544,1
778855988853776,SP Allschwil-Schönenbuch,SP Allschwil Schönenbuch,537,44
364939817683277,Marco Hirzel Politik,Marco Hirzel Politik,532,8
102014399307738,Direkt,direkt,528,5
1225312564279075,Karin Fehr Thoma,Karin Fehr Thoma,519,5
416743625125770,Grüne Zürichsee,GRÜNE Bezirk Meilen,511,7
106463701741400,Die Mitte Zürich 3+9,Die Mitte Zürich Kreis 3+9,508,5
102578282597131,Kamylla Lisi-Brandino,Kamylla J. Lisi-Brandino,507,4
105221044343308,Baisse d'impôts pour tous,"Initiative ""Baisse d'impôts pour tous : redonner du pouvoir d'achat à la classe moyenne.""",505,1
1984141558513511,Franziska Barmettler,Franziska Barmettler,503,20
191438050875440,Die Mitte  Basel-Landschaft,Die Mitte  Basel-Landschaft,501,5
110616465067898,Initiative Gesunde Jugend Jetzt,Die Junge Mitte Kanton Zürich,495,1
104942962435489,Sarah Regez,Sarah Regez,490,10
112662478341274,joelgretsch,Joel Gretsch,490,5
157913284377979,POP Nyon - La Côte,POP Nyon - La Côte,487,9
103580977678645,Julian Croci,Julian Andrea Croci,477,2
261452338060969,Domenik Lädi Ledergerber,Überparteiliches Unterstützungskomitee Domenik Ledergerber,462,5
110707875106219,SVP Bezirk Hinwil,SVP Bezirk Hinwil,456,6
216444012216,EDU - UDF (Eidgenössisch-Demokratische Union),Eidgenössisch-Demokratische Union Schweiz,450,4
107515328348195,Michael Uebersax,Michael Stefan Uebersax,447,10
993815333967102,Andreas Leupi,Andreas Patrick Leupi,438,10
105380182425137,Michael Jäger,Hans Michael Jäger,435,5
103638965961747,Gabriel Mäder - Grünliberale,Gabriel Markus Mäder,434,3
108692711660498,Urs Wegmann,Urs Wegmann,419,8
650175488441328,Martin Farner,Farners GmbH,418,1
854141954663925,Isabel Garcia GLP,Isabel Garcia Brunisholz,414,14
105306632453966,Tobias Mäder,Tobias Mäder,400,10
104176871670876,Renteninitiative - Für eine sichere & nachhaltige Altersvorsorge,Verein Renteninitiative,400,4
534190816671421,Michael Wiget,Michael Peter Wiget,400,1
110647840532680,Merge Mayor,These ads ran without a disclaimer,393,2
143714586302267,Urs Bänziger FDP,Urs Baenziger,386,3
109889895328694,Megastrassen 2 x NEIN,Komitee gegen Megastrassen,386,8
476237372525131,Christa Isabelle Stünzi - glp ZH,Christa Isabelle Stünzi - glp ZH,380,2
355645665140771,Nicola Forster,Nicola Forster,378,14
169042736456594,All Out,All Out,365,4
104203868811586,Martina Dürr,Martina Regula  Dürr,360,3
1599925810096142,Kreis 6/10 mit glp in die Zukunft,Grünliberale Kreis 6 und 10,360,2
619051955163582,AWOB - Adrian Wegmann Oberrieden,Adrian Wegmann,354,4
100345702834585,All Out Deutschland,All Out,349,4
206831926864378,SVP Gelterkinden und Umgebung,SVP Gelterkinden und Umgebung,347,11
106856564074635,Hansjörg Germann FDP in den Kantonsrat,Hansjörg Beat Germann,342,11
116663695061094,SP Bezirk Meilen,SP Bezirk Meilen,340,12
864604443735247,SVP Bezirk Dietikon,SVP Bezirk Dietikon,328,3
116063758043441,Facundo Zimmerli,Facundo Nahuel Zimmerli,319,1
105386249047369,Jakob Ehrensperger,Jakob Ehrensperger,316,2
125466200895962,Valentin Landmann,Sven Kunz,306,8
100487835772742,Josef Widler in den Kantonsrat,Josef Widler,300,1
191136321464981,Die Mitte Stadt Winterthur,These ads ran without a disclaimer,300,1
100505278746845,Gesunde Finanzen,Organisation für gesunde Gemeindefinanzen,299,1
651956578553145,"Marita Verbali, FDP",Marita Verbali,297,8
190285574861316,Grüne Uster,Grüne Bezirk Uster,296,2
627220684023668,GRÜNE Zürich,Grüne Stadt Zürich,295,4
135939773133793,Grüne Winterthur,Grüne Winterthur,291,8
110336161874621,Urban Husi in den Kantonsrat ZH,Urban Pius Matthäus Husi Fiechter,288,2
101384276204469,Ja zur Wiesli-Initiative am 12. März,"Initiativkomitee ""Ja zur Wiesli-Initiative""",285,6
218538701651843,Union suisse des arts et métiers usam,Schweizerischer Gewerbeverband sgv,283,4
589840718124415,Grünliberale Knonaueramt,Grünliberale Knonaueramt,280,8
103850865786634,Grünliberale Bezirk Hinwil,Grünliberale Bezirk Hinwil,274,15
113772441580575,JA zu Kies aus Birmenstorf,JA zu Kies aus Birmenstorf,273,9
281675942494661,SVP Bezirk Pfäffikon ZH,SVP Bezirk Pfäffikon ZH,267,5
103915262545181,KMU geprüft,KMU geprüft,267,70
1533854886905047,Elfenau Schweiz AG,Emanuel Georg Tschannen,262,1
269029886456205,Giorgio Fonio,Giorgio Fonio,259,4
592045444309191,DIRECT NEWS by Michel Robadin,Michel François Robadin,257,3
105262295297064,FDP.Die Liberalen Nürensdorf,FDP.Die Liberalen Nürensdorf,251,11
110533229026103,EVP / PEV,EVP Schweiz,250,1
103571105961903,Marc-André Beck,Marc-André Beck,249,14
106615082184530,Raffael Grütter - GLP,Raffael Grütter,248,10
265041068300,JUSO Baselland,JUSO Baselland,247,1
135366813191979,Urs Waser Kantonsrat,Waser Urs,246,3
111539168454051,Avanti,Avanti,242,3
784812424962943,Tele Z,TELE Z,240,3
429342907157034,Beat Habegger,Beat Michael Habegger,238,4
1526697364280066,Partito Socialista Ticino,Partito Socialista Ticino,237,1
101767182105712,Grüne Bezirk Affoltern,GRÜNE Bezirk Affoltern,236,15
285821738704789,Nathalie Aeschbacher,Nathalie Anna Aeschbacher,233,1
212175019347952,SVP Horgen,SVP Horgen,231,5
107717738487757,Viviane Kägi GLP,Viviane Kägi,230,5
100213996124067,Grünliberale Sektion Emmen-Hochdorf,Grünliberale Sektion Emmen-Hochdorf,226,5
1439209716323593,UDC Ticino,UDC Ticino,224,5
301243053989575,Mario Senn,Mario Senn,214,6
120204928045279,SP Wetzikon,SP Wetzikon,211,2
101417574776507,Ja zur direkten Demokratie,New Swiss Journal,209,3
335609400529370,FDP Horgen,FDP Horgen,208,6
100980232576650,Muriel Langenberger,Muriel Langenberger,207,2
730158247033526,Readly,These ads ran without a disclaimer,206,1
36735923253,umverkehR,umverkehR,205,2
305699609616768,Verdi Liberali Ticino,verdi liberali Ticino,204,2
192244290829565,Anita Borer,Anita Borer,201,5
756722317788172,FDP.Die Liberalen Stadt Luzern,FDP.Die Liberalen Stadt Luzern,200,1
109023033782956,Unisanté,Unisanté,200,1
463645587339110,Piero Marchesi,UDC Ticino,198,4
591968957877984,Andrea Isler,Andrea Lara Isler,195,10
116890591678651,Vert'libéraux - Genève,Parti vert'libéral genevois,193,1
108204507991414,Zukunft sichern,Allianz für ein JA zur OECD-Mindeststeuer,193,3
416743625125770,Grüne Zürichsee,Thomas Forrer,192,4
100240749524401,Deborah Scharpf,Deborah Luzia Maryse Scharpf,192,3
123731471009473,Yvonne Bürgin,Yvonne Bürgin,192,4
1524859774444235,Koalition für Konzernverantwortung,Koalition für Konzernverantwortung,191,5
230522120377463,FDP Allschwil-Schönenbuch,FDP Allschwil-Schönenbuch,186,7
657830007560468,SP Aesch-Pfeffingen,SP Aesch-Pfeffingen,184,7
608260099589519,Dominic Täubert,EVP Kanton Zürich,184,2
108608181846149,Umut Gökbas,Mehmet Umut Gökbas,175,1
139890720097051,Die Mitte Muttenz,Die Mitte Muttenz,170,8
103369269163798,Mittendrin,Hanspeter Renggli,169,3
198432937394181,Philipp Müller in den Kantonsrat,Philipp Müller,167,2
101500332827222,SVP Wahlkreis Sursee,SVP Wahlkreis Sursee,165,6
103215392637344,Robin Kuhn,Robin Jonas Kuhn,160,2
107145438948044,Dominique Zygmont in den Kantonsrat,Dominique Daniel Zygmont,155,2
107494077464434,Janine Vannaz,Janine Vannaz,155,4
285304141802550,FDP Niederhasli,FDP Niederhasli,153,4
205884466254019,Alexandra Pfister in der Politik,Alexandra Pfister-Nevrala,152,1
2525584750795209,Nina Fehr Düsel,Nina Fehr Düsel,150,8
111500797368,SP Bezirk Winterthur,SP Bezirk Winterthur,150,2
355257441326519,Fabian Müller,Fabian Francois Müller,147,8
238982909481105,Les Vert·e·s Genevois·es,Les Vert-e-s genevois-es,145,17
292711521138736,IPFO,International Photo Festival Olten,136,3
104530832464619,Mario Schwendener,Mario Schwendener,129,2
122819208305170,Sauvegarde Genève,Sauvegarde Genève,128,7
108667862595190,Les Vert-e-s La Côte,Les Vert·e·s de La Côte,128,4
100116156110843,Stop al blackout,Iniziativa popolare «Energia elettrica in ogni tempo per tutti (Stop al blackout)»,127,9
205235402844715,SP Binningen,SP Binningen,124,3
102281186098428,Sara Sangiacomo,Rosaria Sangiacomo,118,3
206817592664659,Junge Grünliberale Zürich - jglp ZH,Junge Grünliberale Zürich - jglp ZH,115,3
377292365618914,SVP Stadt Winterthur,SVP Winterthur,113,6
416870065122171,Jungfreisinnige Winterthur,Jungfreisinnige Winterthur,109,8
104820235801310,Politische Rechte für geistig Behinderte,Lukas Paul Spichiger,109,2
105077090852878,Lucio Sansano,Lucio Carmelo Sansano,108,1
107376168891578,Curve prosper,These ads ran without a disclaimer,108,4
358536457645537,SVP Uster,Daniel Schnyder,105,2
175849189128043,"Andreas Seiler, FDP, Einwohnerrat Pratteln",Andreas Stefan Seiler,103,3
109425352024980,Sebastian Hektor Vogel am 12. Februar 2023 in den Kantonsrat,DarkHorse,101,9
190435673212,Grünliberale Kreis 4&5,GLP 4&5 – Grünliberale Partei,≤100,1
360151400680191,Die Mitte Stadt Luzern,Die Mitte Stadt Luzern,≤100,2
755554214495636,Parti Socialiste Neuchâtelois,Parti socialiste neuchâtelois,≤100,1
289772074451810,FDP.Die Liberalen Aargau,FDP.Die Liberalen Aargau,≤100,1
113273198762176,FDP.Die Liberalen Pratteln,FDP.Die Liberalen Pratteln,≤100,6
113201865012168,Claudia Bodmer-Furrer,Claudia Bodmer-Furrer,≤100,4
102833318045836,Nick Glättli,Nick Didier Glättli,≤100,3
100732476262537,GLP Willisau,GLP Wahlkreis Willisau,≤100,2
110838505070498,SVP Wädenswil,SVP Wädenswil,≤100,3
1521655228075451,solidaritéS Genève,solidaritéS Genève,≤100,4
92824188601,No Sleep Records,These ads ran without a disclaimer,≤100,8
580012422156679,Grüne Stadt Dübendorf,Grüne Stadt Dübendorf,≤100,2
102531252603779,Stephan Jung,Stephan Jung,≤100,1
110448418161537,FDP Hinwil,FDP Hinwil,≤100,1
904812763060757,Michael De Vita-Läubli,Michael De Vita-Läubli,≤100,1
101452637971744,Le Centre Lancy,Le Centre Lancy,≤100,3
689505424449213,Jungfreisinnige Limmattal,Jungfreisinnige Limmattal,≤100,2
100160498946252,Grüne Volketswil,Grüne Bezirk Uster,≤100,1
743745965833626,Benjamin Stricker,Benjamin Stricker,≤100,5
707321076049640,Monika Keller,Monika Keller,≤100,3
888626258006362,"Barbara Gysi, Nationalrätin SP",Barbara Gysi,≤100,4
251838211585945,SP Basel-Stadt,SP Basel-Stadt,≤100,1
245489546137580,Christoph Riner - bodenständige Politik,Christoph Riner - bodenständige Politik,≤100,10
735945280122458,VCS Kanton Bern,VCS Sektion Bern,≤100,1
114998068149733,Dr. Stefan Meyer,Stefan Jörg Meyer,≤100,8
111616771110534,Beyond Riches,These ads ran without a disclaimer,≤100,1
102269201722239,TV Riviera 24,Tv Riviera 24,≤100,5
101791136062906,Notrechtsinitiative.ch,Notrechtsinitiative.ch,≤100,5
101622582809771,lucaft,lucaft,≤100,2
124924180944506,IHED-Islamischer Humanitärer Entwicklungsdienst,These ads ran without a disclaimer,≤100,1
2011626645562796,Andri Silberschmidt,Komitee Andri Silberschmidt,≤100,2
1377010385681695,Dubravko Sinovcic,Dubravko Sinovcic,≤100,1
510352742440847,Coalition pour des multinationales responsables,Coalition pour des multinationales responsables,≤100,2
347162492139048,SP Töss,Matthias Jakob Ernst Erzinger,≤100,1
1492503634364441,Liste d'Union Populaire,Ensemble à Gauche-Genève,≤100,2
101103429022118,Grüne Schlieren,Grüne Partei Schlieren,≤100,10
105382355680021,Unterwägs uf Lieschtel,Unterwägs uf Lieschtel,≤100,1
356407481399967,FDP.Die Liberalen Sissach und Umgebung,FDP Sissach und Umgebung,≤100,2
1462022710772147,Hans Egli,Hans Egli,≤100,3
108839758430779,Association des habitants du quartier de la Bourgogne,Association des habitants du quartier de Bourgogne,≤100,2
809697199378485,Sandra Cellarius,Sandra Alice Cellarius,≤100,8
142664095796912,GRÜNE Kanton Bern,GRÜNE Kanton Bern,≤100,1
265786100439644,Grüne Freie Liste Stadt Bern,Grüne Freie Liste Bern,≤100,1
106829796092871,Mieterinnen- & Mieterverband Kanton Bern,Mieterinnen- und Mieterverband Kanton Bern,≤100,1
456093941086244,FDP.Die Liberalen Illnau-Effretikon,FDP. Die Liberalen Illnau-Effretikon,≤100,2
113671758293671,JA zum Stadtparlament,Komitee JA zum Stadtparlament Rapperswil-Jona,≤100,6
100513788093677,Les Vert-e-s Ville de Genève,Les Vert-e-s Ville de Genève,≤100,6
110834314440892,Saudi Green Initiative,These ads ran without a disclaimer,≤100,2
101292009486072,Simon Affentranger GLP,Simon Johannes Affentranger Jäger,≤100,3
471258816239362,Junge SVP Luzern,Junge SVP Luzern,≤100,5
111873241774804,RJ Klimaneutral,"Junge Mitte, JGLP, JUSO - Rapperswil Jona",≤100,1
106563052005929,SVP Kreuzlingen,SVP Kreuzlingen,≤100,5
104265952574760,EVP Kreuzlingen,Adrian Robin Ziörjen,≤100,1
100420375365151,Pro Grolley,Pro Grolley,≤100,1
103234339054385,"Lea Van der Merwe, Einwohnerrätin Allschwil",FDP Allschwil-Schönenbuch,≤100,1
1537771523171079,Entremont Autrement,Entremont Autrement,≤100,1
101321992365876,Reto Brüesch,These ads ran without a disclaimer,≤100,2
114584561517154,Komitee für ein JA zum Basler Steuerpaket,Komitee JA! zum Basler Steuerpaket,≤100,4
109228305112523,"Damian Schaller, Landratskandidat FDP Allschwil",FDP Allschwil-Schönenbuch,≤100,1
110431218529702,Tassa di collegamento: perchè non abrogarla,These ads ran without a disclaimer,≤100,1
101759462695729,Seraina Billeter-Ihre Kandidatin,Seraina Sara Billeter,≤100,1
276547049113405,SP Schaffhausen,SP Schaffhausen,≤100,6
104484902120877,"Sebastian Hersberger, FDP Allschwil",FDP Allschwil-Schönenbuch,≤100,1
104937837702194,SP EVP GRÜNE für Gelterkinden,SP EVP GRÜNE für Gelterkinden,≤100,1
107911655043545,SVP Beromünster,SVP Beromünster,≤100,1
1544273692546271,waterdrop,These ads ran without a disclaimer,≤100,2
102720675292205,Thomas Schneider,Thomas Schneider,≤100,2
112316138411623,NEIN zum erneut missratenen Jagdgesetz,These ads ran without a disclaimer,≤100,1
589136377773631,Les Vert·e·x·s lgbtiq - Genève,Les Vert·e·x·s lgbtiq - Genève,≤100,1
329092184156849,Die Mitte Adliswil,Die Mitte Adliswil,≤100,1
105391775361272,"Nico Jonasch, Einwohnerrat Allschwil",FDP Allschwil-Schönenbuch,≤100,1
561931677180050,Die Mitte Stadt Zürich,These ads ran without a disclaimer,≤100,1
190133177759419,Giuseppe Cotti,Giuseppe Cotti,≤100,5
158820214312321,Citations Ron Hubbard,Mieux Vivre Sa Vie,≤100,3
104272338098687,"Robert Vogt, Gemeinderat Allschwil",FDP Allschwil-Schönenbuch,≤100,1
763722197034246,En Développement,These ads ran without a disclaimer,≤100,1
60588234229,Gioventù Comunista Svizzera,Gioventù Comunista Svizzera,≤100,4
123698491019029,Lombard Odier Group,These ads ran without a disclaimer,≤100,3
108595330730708,Groupe lgbtiq+ du PS genevois,Groupe lgbtiq+ du PS genevois,≤100,2
463645587339110,Piero Marchesi,Piero Marchesi,≤100,2
618765881570878,EKS,Elektrizitätswerk des Kantons Schaffhausen AG,≤100,1
264952450282664,JUSO Luzern,Jungsozialist*innen Luzern,≤100,1
1148594755342436,Saskia Schenker - Landrätin,FDP Sissach und Umgebung c/o Saskia Schenker,≤100,1
101122865395791,Matteo Buzzi,Matteo Buzzi,≤100,2
119392439892983,Sauvegarde Grand-Pré et Orangerie,Xavier Singy,≤100,2
1578229959077185,"Matthias Bickel, in den Kantonsrat für die FDP.Die Liberalen","Matthias Bickel, in den Kantonsrat für die FDP.Die Liberalen",≤100,1
353969997649,Partito Comunista - Svizzera,Partito Comunista,≤100,3
1613404075547204,Kathrin Schweizer,Komitee «Thomas Noack und Kathrin Schweizer in den Regierungsrat»,≤100,1
335404453537186,Die Mitte Binningen-Bottmingen,Die Mitte Binningen-Bottmingen,≤100,1
101469746117157,"Xavier Magnin, candidat au Conseil d'Etat 2023",Xavier Magnin,≤100,1
71049199915,Nebelspalter,These ads ran without a disclaimer,≤100,1
138345752891779,Grüne Liestal und Umgebung,These ads ran without a disclaimer,≤100,2
104943615835390,Patrik Schär,These ads ran without a disclaimer,≤100,1
348751641846632,JUSO Zürich Oberland,JUSO Zürcher Oberland,≤100,1
106591559016696,Guido Lehmann,Guido Lehmann,≤100,1
1100444546752110,Rémy Oudin,Rémy Oudin,≤100,2
113274870111292,Whippets de L'âme du Joran,These ads ran without a disclaimer,≤100,1
592045444309191,DIRECT NEWS by Michel Robadin,These ads ran without a disclaimer,≤100,1
100267076206781,Ensemble à Gauche solidaritéS-Parti du Travail-DAL,Ensemble à Gauche,≤100,2
196056317938049,Roger Martin - Stadtpräsident Romanshorn,Roger Martin,≤100,1
106940934479927,"Sibylle Fringeli, FDP Schönenbuch",FDP Allschwil-Schönenbuch,≤100,1
101120115685831,SVP Stäfa,Marco Andreas Vogt,≤100,1
746993385438167,UDC Lugano Città,UDC Lugano,≤100,1
167983071434,SP Kriens,SP Kriens,≤100,4
109082045416481,Marco Pellegrini,Attitude sagl - Sara Saggioro,≤100,1
106105549469184,Der ROTE Stuhl,SP Weinfelden,≤100,1
190133177759419,Giuseppe Cotti,These ads ran without a disclaimer,≤100,1
1781311295425230,Les Verts de Troinex,Les Verts de Troinex,≤100,1
318625728948475,Con Amalia 2019,These ads ran without a disclaimer,≤100,1
106080328954492,SP Gelterkinden und Umgebung,SP Gelterkinden und Umgebung,≤100,1
108843502117518,Andreas Baeckert,Andreas Peter Baeckert,≤100,2
112625851413162,Roman Schmid,Roman Schmid,≤100,1
107214605185781,nilsmatter.ch,These ads ran without a disclaimer,≤100,1
48980326364,Public Eye,Public Eye,≤100,2
300240057017,Voglauer möbel voller leben,These ads ran without a disclaimer,≤100,2
1396526693960299,Junge SVP Baselland,Junge SVP Baselland,≤100,1
1125155474201566,Mcg Carouge,Sandro Pistis,≤100,3
102691421255810,PlanBasel,These ads ran without a disclaimer,≤100,1
218020061613734,UBS,These ads ran without a disclaimer,≤100,3
102543406062983,Alessandro Corti,These ads ran without a disclaimer,≤100,1
402052193189194,Siemens,These ads ran without a disclaimer,≤100,6
442004945974231,IG Wild beim Wild,These ads ran without a disclaimer,≤100,1
567417573785872,RefLab,These ads ran without a disclaimer,≤100,2
108625789179165,Soi Dog Foundation,These ads ran without a disclaimer,≤100,6
6829493713,(RED),These ads ran without a disclaimer,≤100,2
19746387261,Humane Society International,These ads ran without a disclaimer,≤100,11
69466809669,Alpen-Initiative,These ads ran without a disclaimer,≤100,1
110018348077504,Stefan Klauer,Stefan Klauer,≤100,1
416743625125770,Grüne Zürichsee,GRÜNE Bezirk Horgen,≤100,3
100211985747396,Klimaform,These ads ran without a disclaimer,≤100,1
221845854596537,Éditions Delcourt,These ads ran without a disclaimer,≤100,1
109460255774283,"Soi Dog Foundation Schweiz, Deutschland, Österreich",These ads ran without a disclaimer,≤100,1
105890175750510,Luca Carbone  lucacarbone.ch,Luca Carbone,≤100,1
904812763060757,Michael De Vita-Läubli,These ads ran without a disclaimer,≤100,1
198515713604505,Ludwig-Maximilians-Universität München,These ads ran without a disclaimer,≤100,2
111011748401165,Washington Kane,These ads ran without a disclaimer,≤100,4
222200461136948,Les VERT·E·S Fribourg - GRÜNE Freiburg,Les VERT-E-S Fribourg,≤100,1
474330529388223,Sigr,These ads ran without a disclaimer,≤100,3
125392157541675,Tilsiter Switzerland,These ads ran without a disclaimer,≤100,1
156218771073787,FDP Bezirk Dielsdorf,FDP Bezirk Dielsdorf,≤100,10
1464489323856911,FDP Zürich 2,These ads ran without a disclaimer,≤100,1
1908078689293820,Paroles citoyennes,These ads ran without a disclaimer,≤100,1
104968989056423,peyman_khozoeii,These ads ran without a disclaimer,≤100,1
103399508522606,Kollyy,These ads ran without a disclaimer,≤100,3
402677536461567,AllMatters,These ads ran without a disclaimer,≤100,3
319393291423771,Le Temps,These ads ran without a disclaimer,≤100,9
104590425802557,Новости Дня,These ads ran without a disclaimer,≤100,1
113821883316185,Faktischversichert,These ads ran without a disclaimer,≤100,2
186227402234068,CodeOp,These ads ran without a disclaimer,≤100,2
655159287883514,Berlin Art Institute,These ads ran without a disclaimer,≤100,4
103481929256935,EQUAL.official,These ads ran without a disclaimer,≤100,1
109811968658831,Die Mitte Züri 11,These ads ran without a disclaimer,≤100,1
103082059271118,SP Bezirk Hinwil,These ads ran without a disclaimer,≤100,1
417562728611395,PLR Epalinges,PLR.Les Libéraux-Radicaux d'Epalinges,≤100,2
115200218139402,О Главном,These ads ran without a disclaimer,≤100,1
111361091313,NICABM,These ads ran without a disclaimer,≤100,21
246528405959074,Michael Stauffer,These ads ran without a disclaimer,≤100,1
533196430187039,KMU- und Gewerbeverband Kanton Zürich,These ads ran without a disclaimer,≤100,1
104546295740207,Aura of the world,These ads ran without a disclaimer,≤100,1
1220981994590364,FT Partner Content,These ads ran without a disclaimer,≤100,8
1917715138510680,Follow Your Legend,These ads ran without a disclaimer,≤100,1
1436656116642646,Threadheads,These ads ran without a disclaimer,≤100,2
102944432128377,Der Pragmaticus,These ads ran without a disclaimer,≤100,1
354391925271384,Raphael Zimmerli - Die Mitte,These ads ran without a disclaimer,≤100,2
10150100771335484,24 heures,These ads ran without a disclaimer,≤100,26
103038692613840,isabelbartal.official,These ads ran without a disclaimer,≤100,2
191851397669230,VETO – Tierschutz,These ads ran without a disclaimer,≤100,2
105722887705411,Jessica Verfürth,These ads ran without a disclaimer,≤100,3
1988288641390704,Corsi.it,These ads ran without a disclaimer,≤100,6
158968251509151,Hands on Veggies,These ads ran without a disclaimer,≤100,1
107979051843705,sabinewiedenhofer,These ads ran without a disclaimer,≤100,1
103302589334244,athanasios_goutziomitros,These ads ran without a disclaimer,≤100,1
143714586302267,Urs Bänziger FDP,These ads ran without a disclaimer,≤100,1
445013152316995,Die Mitte Kriens,Die Mitte Kriens,≤100,1
100360518736993,Jungfreisinnige Obwalden,Jungfreisinnige Obwalden,≤100,1
107173698926440,Rindiendo en casa,These ads ran without a disclaimer,≤100,13
185561295623272,Move To Help Foundation,These ads ran without a disclaimer,≤100,3
813362708790951,UBP - Union Bancaire Privée,These ads ran without a disclaimer,≤100,5
102666032712524,Yanabuzi6,These ads ran without a disclaimer,≤100,2
368757963825913,WasteFuel,These ads ran without a disclaimer,≤100,2
103814352620250,Wiadomość dnia,These ads ran without a disclaimer,≤100,1
109292693991696,What The Food,These ads ran without a disclaimer,≤100,3
1497217983824347,Kunststiftung Ruth Baumgarte,These ads ran without a disclaimer,≤100,1
108650374829229,Go Green Magazin,These ads ran without a disclaimer,≤100,1
1033932949973658,Sara Demir,These ads ran without a disclaimer,≤100,1
181924628560212,Ekō,These ads ran without a disclaimer,≤100,1
111184371077108,Komoneed D,These ads ran without a disclaimer,≤100,1
264952450282664,JUSO Luzern,JUSO Luzern,≤100,1
100479926293321,andrea_saporito_plr,These ads ran without a disclaimer,≤100,1
324253041382779,Xavier Cormier,These ads ran without a disclaimer,≤100,3
1125155474201566,Mcg Carouge,These ads ran without a disclaimer,≤100,1
497097197026277,Real life at McKinsey,These ads ran without a disclaimer,≤100,1
968643809909024,Mubariz Mansimov,These ads ran without a disclaimer,≤100,1
111260891566401,musaidpb,These ads ran without a disclaimer,≤100,1
2181830098768270,Saint-Gobain,These ads ran without a disclaimer,≤100,1
74697157593,servereye,These ads ran without a disclaimer,≤100,2
175418892541297,Wildkaffee Rösterei,These ads ran without a disclaimer,≤100,1
172929692791198,SOKRATHERM GmbH Energie- und Wärmetechnik,These ads ran without a disclaimer,≤100,1
143885529034197,Andersmensch,These ads ran without a disclaimer,≤100,1
103419298803774,Haptica//online,These ads ran without a disclaimer,≤100,2
720206555013629,Laufen macht glücklich,These ads ran without a disclaimer,≤100,4
100979089548140,leobauer.official,These ads ran without a disclaimer,≤100,1
113814477835,Piratenpartei Schweiz,Piratenpartei Schweiz,≤100,1
109392467220812,Demain Confignon,These ads ran without a disclaimer,≤100,1
310213709080950,Jürgen Höller,These ads ran without a disclaimer,≤100,3
104975142503469,lenochka_1777,These ads ran without a disclaimer,≤100,1
913264142097841,Nicolò Govoni,These ads ran without a disclaimer,≤100,1
107459800591300,Michael Graber,These ads ran without a disclaimer,≤100,1
105758584857848,alegpilipenko,These ads ran without a disclaimer,≤100,1
110826091711924,viev.deutschland,These ads ran without a disclaimer,≤100,2
101727068829380,Контекст Европа,These ads ran without a disclaimer,≤100,1
115397480315613,golfo_and_the_bengal_brothers,These ads ran without a disclaimer,≤100,1
116956918327408,Jacobs Foundation,These ads ran without a disclaimer,≤100,2
112542440931333,NinjaOne France,These ads ran without a disclaimer,≤100,2
102527209215235,Viviane Olívia,These ads ran without a disclaimer,≤100,9
108595330730708,Groupe lgbtiq+ du PS genevois,These ads ran without a disclaimer,≤100,2
104539708901187,CHARGENOW,These ads ran without a disclaimer,≤100,1
116775781318643,elezioniti,These ads ran without a disclaimer,≤100,1
120307884715130,Les Vert•e•s Valais - Grüne Wallis,These ads ran without a disclaimer,≤100,1
114583194860029,Association Chantal Mauduit Suisse,These ads ran without a disclaimer,≤100,1
107236885595260,Simple secret,These ads ran without a disclaimer,≤100,1
547115755657303,ReThink Daylight,These ads ran without a disclaimer,≤100,1
109736592007457,aslansav,These ads ran without a disclaimer,≤100,1
1446462038910951,proHolz Steiermark,These ads ran without a disclaimer,≤100,1
106583898850663,Harrington Frazier,These ads ran without a disclaimer,≤100,3
586790338516270,Nicole Ward-Brändli,These ads ran without a disclaimer,≤100,1
104716205433626,martinarduerr,These ads ran without a disclaimer,≤100,1
105380182425137,Michael Jäger,These ads ran without a disclaimer,≤100,1
375845269120737,FDP. Die Liberalen Dietikon,These ads ran without a disclaimer,≤100,1
105528162248316,viev.mobilyaa,These ads ran without a disclaimer,≤100,1
2473457572885442,Crime Schweiz,These ads ran without a disclaimer,≤100,1
105587378928302,sp_toggenburg,These ads ran without a disclaimer,≤100,1
142640336416356,Komitee Stefan Feldmann wieder in den Kantonsrat,These ads ran without a disclaimer,≤100,1
196102537581541,FDP-Port,These ads ran without a disclaimer,≤100,1
105188432853984,Tribune de Genève,These ads ran without a disclaimer,≤100,17
112382851644990,Magazin Tentakel,These ads ran without a disclaimer,≤100,1
109676708498126,Cole Rosario,These ads ran without a disclaimer,≤100,4
198892435401,University of Chicago Booth School of Business,These ads ran without a disclaimer,≤100,1
100192602860755,События,These ads ran without a disclaimer,≤100,1
102326342780397,Domenique Invezt,These ads ran without a disclaimer,≤100,1
100590056191622,affen_s_tranger,These ads ran without a disclaimer,≤100,1
115121024788993,Bio government,These ads ran without a disclaimer,≤100,1
103597027708447,SuperPlanet Games,These ads ran without a disclaimer,≤100,1
103828775939562,Valorée Gallery,These ads ran without a disclaimer,≤100,1
104002905857797,Achtsam Schwanger,These ads ran without a disclaimer,≤100,1
364939817683277,Marco Hirzel Politik,These ads ran without a disclaimer,≤100,1
108843502117518,Andreas Baeckert,These ads ran without a disclaimer,≤100,1
1613234358893730,Die Mitte Emmental,These ads ran without a disclaimer,≤100,1
117390814571947,There,These ads ran without a disclaimer,≤100,1
660899717422337,Easytax Schweiz,These ads ran without a disclaimer,≤100,1
100595626231891,Versusfestival,These ads ran without a disclaimer,≤100,2
339678509714670,Akademie Biberkor,These ads ran without a disclaimer,≤100,1
99208765016,kununu,These ads ran without a disclaimer,≤100,1
355645665140771,Nicola Forster,These ads ran without a disclaimer,≤100,1
1390745591150821,NRC - Norwegian Refugee Council,These ads ran without a disclaimer,≤100,2
322968734909106,Prime News,These ads ran without a disclaimer,≤100,1
107257035486242,Airspace World - by CANSO,These ads ran without a disclaimer,≤100,1
194288987793356,Ukraine House Davos,These ads ran without a disclaimer,≤100,1
108339698821916,Новости Дня,These ads ran without a disclaimer,≤100,1
114568088198323,TS Project,These ads ran without a disclaimer,≤100,1
161695697179809,Rother Bergverlag,These ads ran without a disclaimer,≤100,1
103093016017760,Info News,These ads ran without a disclaimer,≤100,2
112992717165706,MAIN10ANCE-project,These ads ran without a disclaimer,≤100,1
112524957892586,the.cartographist,These ads ran without a disclaimer,≤100,2
264952450282664,JUSO Luzern,These ads ran without a disclaimer,≤100,1
105141622376705,aurel_keller,These ads ran without a disclaimer,≤100,1
105430377893808,gvlticino,These ads ran without a disclaimer,≤100,1
64676229680,Ayn Rand Institute,These ads ran without a disclaimer,≤100,1
102900324662362,Cantu Beauty Deutschland,These ads ran without a disclaimer,≤100,1
319549428716940,Maria Luisa Lima,These ads ran without a disclaimer,≤100,1
106691785461809,Meu Raio De Sol Geny Silva,These ads ran without a disclaimer,≤100,1
110367919014958,ERGO,These ads ran without a disclaimer,≤100,1
126730540704474,Pädagogium Baden-Baden,These ads ran without a disclaimer,≤100,1
114057948224024,Новости дня,These ads ran without a disclaimer,≤100,1
474314055968372,fischer group,These ads ran without a disclaimer,≤100,1
102832392688253,Southland 360,These ads ran without a disclaimer,≤100,1
573432299488027,SVP Bassersdorf,SVP Bassersdorf,≤100,1
114375818720000,Lavora con noi di JT Care Italia,These ads ran without a disclaimer,≤100,1
345531267911,Kölner Journalistenschule,These ads ran without a disclaimer,≤100,1
1814781865469544,friedensethik.ch,These ads ran without a disclaimer,≤100,1
902485329837313,NinjaOne,These ads ran without a disclaimer,≤100,1
131169181232,VOGUE JAPAN,These ads ran without a disclaimer,≤100,2
182566748543516,LOQI,These ads ran without a disclaimer,≤100,1
116033721373210,Secret007,These ads ran without a disclaimer,≤100,7
103223586026783,Inner Intuition,These ads ran without a disclaimer,≤100,1
102853206050540,Aktualne programy,These ads ran without a disclaimer,≤100,1
108692711660498,Urs Wegmann,These ads ran without a disclaimer,≤100,1
324950845227,VerkehrsRundschau,These ads ran without a disclaimer,≤100,1
110601438611168,EU News,These ads ran without a disclaimer,≤100,1
106563052005929,SVP Kreuzlingen,These ads ran without a disclaimer,≤100,1
585416874822974,Blowhammer,These ads ran without a disclaimer,≤100,1
108072251970144,Jasmina Spiritual and Mindset Coach,These ads ran without a disclaimer,≤100,1
1249402458491333,"ThreatLocker, Inc",These ads ran without a disclaimer,≤100,1
115548344758568,The beauty 92,These ads ran without a disclaimer,≤100,1
112749448851,Coca-Cola Europacific Partners,These ads ran without a disclaimer,≤100,1
106598718789052,Absolicon Solar Collector AB,These ads ran without a disclaimer,≤100,3
416870065122171,Jungfreisinnige Winterthur,These ads ran without a disclaimer,≤100,1
102158314814765,Rafael Bem  Reels Pro,These ads ran without a disclaimer,≤100,1
8002590959,Rainforest Action Network - RAN,These ads ran without a disclaimer,≤100,2
1926230267645689,Enogastro Info,These ads ran without a disclaimer,≤100,1
1068292360000566,Aline Collin,These ads ran without a disclaimer,≤100,1
31292782350,Deutschland.de,These ads ran without a disclaimer,≤100,3
154235850999,gestalten,These ads ran without a disclaimer,≤100,1
415342655194947,ISB International School Bangkok,These ads ran without a disclaimer,≤100,2
2175098615861685,Michela Ris in Gran Consiglio,These ads ran without a disclaimer,≤100,1
105860035707190,petite.keeper,These ads ran without a disclaimer,≤100,1
782924635435040,Tender Octopi,These ads ran without a disclaimer,≤100,1
267030247249734,Alexandra Kruse,These ads ran without a disclaimer,≤100,1
101252718239079,thesocialactband,These ads ran without a disclaimer,≤100,1
105411962299479,AEF,These ads ran without a disclaimer,≤100,1
105211072462251,zoltan.szeker,These ads ran without a disclaimer,≤100,1
310943025606302,World Cancer Day,These ads ran without a disclaimer,≤100,4
1279289595457574,Zenzero Associazione,These ads ran without a disclaimer,≤100,1
113435034974651,wallperphoto.ch,These ads ran without a disclaimer,≤100,1
102804228788258,Lezhin X,These ads ran without a disclaimer,≤100,1
100964811927669,green__philosophy,These ads ran without a disclaimer,≤100,2
108091988358295,Travels All Abroad,These ads ran without a disclaimer,≤100,1
152292984850728,International Monetary Fund,These ads ran without a disclaimer,≤100,1
106902318899458,Shoqata Arberia Bolzano,These ads ran without a disclaimer,≤100,1
112714158081101,myrdith,These ads ran without a disclaimer,≤100,1
109950588655972,naturpalast,These ads ran without a disclaimer,≤100,1
285530825204,Klitschko,These ads ran without a disclaimer,≤100,9
115996151753600,JC Flores,These ads ran without a disclaimer,≤100,1
102073931578170,Naazcars,These ads ran without a disclaimer,≤100,1
106362865041105,Pauline Ruck,These ads ran without a disclaimer,≤100,1
117030171292542,Mercury,These ads ran without a disclaimer,≤100,4
101978933230493,DHL,These ads ran without a disclaimer,≤100,1
604598226218072,CNH Industrial,These ads ran without a disclaimer,≤100,1
301747036593902,RICC Israel,These ads ran without a disclaimer,≤100,1
102914212679370,Bad Habits Clothes Berlin,These ads ran without a disclaimer,≤100,1
105739229033215,Einfach verantwortungsvoll,These ads ran without a disclaimer,≤100,1
103052011403062,Iknal Semikan,These ads ran without a disclaimer,≤100,1
101054365776547,Charming Changzhou,These ads ran without a disclaimer,≤100,1
102468239352431,Emigro - легальный переезд в Германию,These ads ran without a disclaimer,≤100,1
829208673777443,Regan Hillyer,These ads ran without a disclaimer,≤100,1
1798175947119500,Epishine,These ads ran without a disclaimer,≤100,1
102561815411618,banacongo2,These ads ran without a disclaimer,≤100,1
278535582495208,Conmenrdw,These ads ran without a disclaimer,≤100,1
177134534535,Zëri i Amerikës,These ads ran without a disclaimer,≤100,1
154087694129,Causeur.fr,These ads ran without a disclaimer,≤100,4
108677198363140,blacklivesfromgeneration,These ads ran without a disclaimer,≤100,2
106152298870436,Hadji entertainment,These ads ran without a disclaimer,≤100,1
100447972970702,Miconos,These ads ran without a disclaimer,≤100,1
235597449861947,British Asian Christian Association,These ads ran without a disclaimer,≤100,1
106858614562617,Deep Srl,These ads ran without a disclaimer,≤100,1
626421264125175,Saki Matsumoto illustration,These ads ran without a disclaimer,≤100,1
114797118561022,Breda University of Applied Sciences,These ads ran without a disclaimer,≤100,1
193394557345243,Devex,These ads ran without a disclaimer,≤100,1
110527368455096,Lululover,These ads ran without a disclaimer,≤100,1
1660869544168884,Детектор медіа,These ads ran without a disclaimer,≤100,1
151409322217001,Berlin School of Business & Innovation - BSBI,These ads ran without a disclaimer,≤100,1
124275457632741,ElectronicSpecifier,These ads ran without a disclaimer,≤100,2
74499138804,GameStar (Hungary),These ads ran without a disclaimer,≤100,1
207716982590230,Cipla,These ads ran without a disclaimer,≤100,1
108254858551015,ENERGY ACT FOR UKRAINE Foundation,These ads ran without a disclaimer,≤100,2
643647332320553,Orient - أورينت,These ads ran without a disclaimer,≤100,1
207268042645317,Macquarie Group,These ads ran without a disclaimer,≤100,1
110100268235797,Hyphen,These ads ran without a disclaimer,≤100,1
253207738024669,ARPCE Congo,These ads ran without a disclaimer,≤100,1
106446798110553,ROOF GARDENS,These ads ran without a disclaimer,≤100,1
1517088885216557,AIG,These ads ran without a disclaimer,≤100,1
192131064217250,European Centre for Minority Issues (ECMI),These ads ran without a disclaimer,≤100,1
111035071875839,gwdtoken,These ads ran without a disclaimer,≤100,1
105052565827737,Мировые новости,These ads ran without a disclaimer,≤100,1
174806462881204,Medical News,These ads ran without a disclaimer,≤100,1
23565920773,Shakespeare's Globe,These ads ran without a disclaimer,≤100,1
42061370953,CEU Department of Economics and Business,These ads ran without a disclaimer,≤100,1
104843491794550,Millie St. Waters Shop,These ads ran without a disclaimer,≤100,1
110894781744542,Maatikment_Votre,These ads ran without a disclaimer,≤100,1
1834711490185155,Турецкий язык по скайпу от Анны Боровской,These ads ran without a disclaimer,≤100,1
100250122744391,MauroStendel,These ads ran without a disclaimer,≤100,1
112328888017894,amra.maddox_thedals,These ads ran without a disclaimer,≤100,1
104040189185685,Winpru-store,These ads ran without a disclaimer,≤100,1
590907887618242,The European Alliance in Defence of Palestinian Detainees,These ads ran without a disclaimer,≤100,1
107297795446030,Journals From Doc - CA,These ads ran without a disclaimer,≤100,1
1890146454611538,DESMI A/S,These ads ran without a disclaimer,≤100,1
1938639056397169,GLP Lenzburg,These ads ran without a disclaimer,≤100,1
2018068638421522,Manteco,These ads ran without a disclaimer,≤100,2
253898059451,Gambero Rosso International,These ads ran without a disclaimer,≤100,1
100374392742057,Weregreenly- Magazine,These ads ran without a disclaimer,≤100,2
565225540184937,CGTN,These ads ran without a disclaimer,≤100,1
105734958397699,malone_thorner,These ads ran without a disclaimer,≤100,1
238787580201785,Bank Asia Limited,These ads ran without a disclaimer,≤100,1
115063671471876,Последние новости,These ads ran without a disclaimer,≤100,1
108354147624545,natfarouz,These ads ran without a disclaimer,≤100,1
112274361383738,Agonisten,These ads ran without a disclaimer,≤100,1
122064391180645,Asian Development Bank Institute,These ads ran without a disclaimer,≤100,1
112861661599616,militarylegacy,These ads ran without a disclaimer,≤100,1
112757083778788,"Economic Daily, China",These ads ran without a disclaimer,≤100,1
103799132581595,Associazione Sion OdV,These ads ran without a disclaimer,≤100,1
103103012533802,noonootravel,These ads ran without a disclaimer,≤100,1
1601274913421469,Voices with Refugees - أصوات مع اللاجئين,These ads ran without a disclaimer,≤100,2
1381160952118444,Foundation for Access to Rights FAR  Фондация за достъп до права ФАР,These ads ran without a disclaimer,≤100,1
115816835104562,Deutsche Bank,These ads ran without a disclaimer,≤100,1
632247953809273,Performance powered by nature,These ads ran without a disclaimer,≤100,2
103439331518544,MH Michaela Huber,These ads ran without a disclaimer,≤100,1
130722880311634,Junge Union Chemnitz,These ads ran without a disclaimer,≤100,1
9394693002,Bloomberg,These ads ran without a disclaimer,≤100,2
204182692934155,Amande Art,These ads ran without a disclaimer,≤100,3
111597971793275,Tim Hagmann,These ads ran without a disclaimer,≤100,1
268405667005207,Lung Cancer Europe,These ads ran without a disclaimer,≤100,1
236146569848600,Movie Bears Podcast,These ads ran without a disclaimer,≤100,1
102855326019017,Events in Switzerland,These ads ran without a disclaimer,≤100,1
101170788634486,Giorgi Kaulashvili,These ads ran without a disclaimer,≤100,1
104532115888790,Bolter ego,These ads ran without a disclaimer,≤100,5
345960609317,REHAU,These ads ran without a disclaimer,≤100,1
102371144884962,TVBee World,These ads ran without a disclaimer,≤100,1
202196693162175,Le Nouvelliste,These ads ran without a disclaimer,≤100,2
110333931764735,Smile Papers,These ads ran without a disclaimer,≤100,2
105223385595171,Alice Gomes,These ads ran without a disclaimer,≤100,3
2236735629872291,Aptenia Houses,These ads ran without a disclaimer,≤100,1
106620807391911,Roche,These ads ran without a disclaimer,≤100,3
299227550122220,Radio Cina Internazionale,These ads ran without a disclaimer,≤100,4
104444909085222,Glory of Fun,These ads ran without a disclaimer,≤100,2
132622357429039,weArch,These ads ran without a disclaimer,≤100,1
101971048046703,Your Daily Game Face,These ads ran without a disclaimer,≤100,1
106614631788380,Kitco Mining,These ads ran without a disclaimer,≤100,1
100846489215390,Cactus Cat,These ads ran without a disclaimer,≤100,2
111622410196045,State of Youth,These ads ran without a disclaimer,≤100,3
101877712405612,fva_bw,These ads ran without a disclaimer,≤100,1
111313321357605,psycholog.silvija,These ads ran without a disclaimer,≤100,1
110962101793098,nasimazadi2022,These ads ran without a disclaimer,≤100,1
75608370019,United States Institute of Peace,These ads ran without a disclaimer,≤100,2
108537508471350,theemissary_,These ads ran without a disclaimer,≤100,1
139666286225597,Euranet Plus - Official,These ads ran without a disclaimer,≤100,1
202225953152762,Yomeanimo,These ads ran without a disclaimer,≤100,2
106827194681183,Africa Equity Media,These ads ran without a disclaimer,≤100,1
218798922334223,COFCO,These ads ran without a disclaimer,≤100,1
101128979551479,Главное за День,These ads ran without a disclaimer,≤100,1
1620669458166839,Aga Khan Development Network,These ads ran without a disclaimer,≤100,1
109407832428137,Bauernnetzwerk,These ads ran without a disclaimer,≤100,2
102337288374156,𝖬𝗈𝗇𝖽𝗈Sportivo Brasil,These ads ran without a disclaimer,≤100,2
100696642943720,Daily Green,These ads ran without a disclaimer,≤100,4
37446160893,Continental,These ads ran without a disclaimer,≤100,1
927450077309387,Kodarit,These ads ran without a disclaimer,≤100,1
105928801750365,My Safe Cup - France,These ads ran without a disclaimer,≤100,1
109450025373331,Test page SolarWorks,These ads ran without a disclaimer,≤100,1
338205530623,قناة الحوار - Alhiwar TV,These ads ran without a disclaimer,≤100,1
112957118322299,Buashe,These ads ran without a disclaimer,≤100,2
632228990183262,Chinesische Volkszeitung Online,These ads ran without a disclaimer,≤100,1
1473321922884514,Chińskie Radio Międzynarodowe,These ads ran without a disclaimer,≤100,1
105955335714645,Exsprout-store,These ads ran without a disclaimer,≤100,1
109664578204030,scubavarians,These ads ran without a disclaimer,≤100,1
190575544322460,Bennet,These ads ran without a disclaimer,≤100,1
499912690182383,Association Arkane :  Arkane Afrika,These ads ran without a disclaimer,≤100,1
347265340270,Architecture Competitions,These ads ran without a disclaimer,≤100,1
1196196390526965,Facebook Surveys,These ads ran without a disclaimer,≤100,14
109372972013991,Amplivo Canada,These ads ran without a disclaimer,≤100,1
194953000528458,Global Campus of Human Rights,These ads ran without a disclaimer,≤100,1
101202352602558,Syncbox,These ads ran without a disclaimer,≤100,1
127187187348820,Kaspersky,These ads ran without a disclaimer,≤100,2
135696009835224,Isopan,These ads ran without a disclaimer,≤100,1
37143846750,Delinat,These ads ran without a disclaimer,≤100,1
217519028785017,Nature Research Custom Media,These ads ran without a disclaimer,≤100,2
116073501374474,La boutique des petits chiots,These ads ran without a disclaimer,≤100,1
105848558790469,"Word Office - Reader, Editor & Viewer",These ads ran without a disclaimer,≤100,1
313274920887,APOLLON Hochschule der Gesundheitswirtschaft,These ads ran without a disclaimer,≤100,1
108733008364786,The Emissary,These ads ran without a disclaimer,≤100,1
56777943052,One Young World,These ads ran without a disclaimer,≤100,1
111794987937776,Global Balcony,These ads ran without a disclaimer,≤100,2
141000842608491,Falstaff Living,These ads ran without a disclaimer,≤100,1
108021935495425,George Galanopoulos,These ads ran without a disclaimer,≤100,1
101304435646725,Элитная недвижимость в Москве,These ads ran without a disclaimer,≤100,1
396576947382356,Aranet,These ads ran without a disclaimer,≤100,2
1062963547225217,The Bar-Tur Photo Award,These ads ran without a disclaimer,≤100,1
1428518384119414,Pixelated Realities,These ads ran without a disclaimer,≤100,1
116961251762152,Hair of the Dog Academy with Nicole Begley,These ads ran without a disclaimer,≤100,1
109543201961190,Smile for All Welfare Organization,These ads ran without a disclaimer,≤100,1
156535821166579,Logpoint,These ads ran without a disclaimer,≤100,1
105731052360491,Global OTEC,These ads ran without a disclaimer,≤100,1
110919974897108,SH,These ads ran without a disclaimer,≤100,1
104250978660291,ycmchallenge,These ads ran without a disclaimer,≤100,1
113656864962740,Новости Дня.,These ads ran without a disclaimer,≤100,2
124650430922882,Oulun yliopisto - University of Oulu,These ads ran without a disclaimer,≤100,1
189232005248268,CTG,These ads ran without a disclaimer,≤100,5
585612111577960,AUTOMATICA,These ads ran without a disclaimer,≤100,1
63122812048,International Electrotechnical Commission (IEC),These ads ran without a disclaimer,≤100,1
316496640057,7iber,These ads ran without a disclaimer,≤100,1
299737907470435,Zendy,These ads ran without a disclaimer,≤100,1
105045388351410,morinasworld,These ads ran without a disclaimer,≤100,1
55757954259,artnet,These ads ran without a disclaimer,≤100,1
101715608808670,Judgment Day: Angel of God,These ads ran without a disclaimer,≤100,1
106942452264389,Fashion Globe,These ads ran without a disclaimer,≤100,2
406058436123944,Willian Aksenen,These ads ran without a disclaimer,≤100,2
533974930053676,سارة السهيل  صفحة,These ads ran without a disclaimer,≤100,1
103193692690093,Green Feed,These ads ran without a disclaimer,≤100,2
102036617851494,elina_brevnova,These ads ran without a disclaimer,≤100,3
1274797512613033,Léman,These ads ran without a disclaimer,≤100,1
107792993071886,Fairnatural,These ads ran without a disclaimer,≤100,1
1540045636302649,Arolsen Archives,These ads ran without a disclaimer,≤100,1
852402878128045,Youth Cancer Europe,These ads ran without a disclaimer,≤100,1
102378709341708,Boubacar Diallo,These ads ran without a disclaimer,≤100,1
147702172102998,Honeywell,These ads ran without a disclaimer,≤100,1
102513972339207,Raum voller Meinungen,These ads ran without a disclaimer,≤100,1
1065439906882032,Natacha Dzikowski,These ads ran without a disclaimer,≤100,1
160556770630713,University of Glasgow,These ads ran without a disclaimer,≤100,1
120494628004036,All Hands and Hearts,These ads ran without a disclaimer,≤100,1
101455396559341,Camping in Croatia,These ads ran without a disclaimer,≤100,1
1366677330077450,Learn German 4 Life,These ads ran without a disclaimer,≤100,1
244789592621521,Ebby Magazine,These ads ran without a disclaimer,≤100,1
116941867957052,Rotonjo,These ads ran without a disclaimer,≤100,3
345248229540911,Falstaff Travel,These ads ran without a disclaimer,≤100,1
1559361800964443,Roman Hefner,These ads ran without a disclaimer,≤100,1
100690022290478,Ada Divine Awakening Festival,These ads ran without a disclaimer,≤100,1
102075811887387,Chocolate.com - Images,These ads ran without a disclaimer,≤100,5
101486552782564,Unbrandable,These ads ran without a disclaimer,≤100,1
105474945042875,Mission:JOY,These ads ran without a disclaimer,≤100,1
107203148110541,Action Speaks Louder,These ads ran without a disclaimer,≤100,1
106553178252601,Aktionnaire,These ads ran without a disclaimer,≤100,1
105363750882345,Young Activists Summit,These ads ran without a disclaimer,≤100,2
105007748989954,Wasbishergeschah.at,These ads ran without a disclaimer,≤100,1
101459416193400,Mój Blog,These ads ran without a disclaimer,≤100,1
23596074088,Dazed and Confused Magazine,These ads ran without a disclaimer,≤100,18
103843752435966,Morehackz - The R Page,These ads ran without a disclaimer,≤100,2
100464712012022,heurafoods.fr,These ads ran without a disclaimer,≤100,1
15403367785,MISCONDUCT,These ads ran without a disclaimer,≤100,1
156515867722292,PICS Telecom International,These ads ran without a disclaimer,≤100,1
100608205575732,idealolife,These ads ran without a disclaimer,≤100,1
387072551751623,BichadaJustiça,These ads ran without a disclaimer,≤100,1
110368714164265,Maidline Aurie,These ads ran without a disclaimer,≤100,1
444347906369155,Transitions et Énergies,These ads ran without a disclaimer,≤100,2
187461997935711,Unilever Careers,These ads ran without a disclaimer,≤100,1
108584705340962,Lion Poba 25271,These ads ran without a disclaimer,≤100,1
338707340769202,Falstaff International,These ads ran without a disclaimer,≤100,1
519027051956822,Customcuff,These ads ran without a disclaimer,≤100,2
106449882358683,Новости Дня.,These ads ran without a disclaimer,≤100,1
155174084508744,Banque mondiale,These ads ran without a disclaimer,≤100,2
735128353212519,Futsal Dinamo,These ads ran without a disclaimer,≤100,2
100985078790660,World Planting,These ads ran without a disclaimer,≤100,4
155438574470276,DW українською,These ads ran without a disclaimer,≤100,2
1407800559480010,Hirmer Verlag,These ads ran without a disclaimer,≤100,1
109170325256667,Sylvia Batista Psicóloga,These ads ran without a disclaimer,≤100,1
108420041636307,Ricardo Negócios Imobiliários,These ads ran without a disclaimer,≤100,1
106842592684027,La Côte,These ads ran without a disclaimer,≤100,1
110279758515616,3addedminutes,These ads ran without a disclaimer,≤100,1
100390846301002,Мировые новости,These ads ran without a disclaimer,≤100,1
111316095071866,zippythoughts101,These ads ran without a disclaimer,≤100,1
145752338944033,Air China,These ads ran without a disclaimer,≤100,1
102149205797976,IoT Insider,These ads ran without a disclaimer,≤100,2
101092249555299,Where,These ads ran without a disclaimer,≤100,1
319932354389,Revolution,These ads ran without a disclaimer,≤100,1
105106452325758,Помощник в миграционных вопросах,These ads ran without a disclaimer,≤100,1
103955692557660,Expat-Publishing,These ads ran without a disclaimer,≤100,1
163725233653818,Rocko Garoni,These ads ran without a disclaimer,≤100,1
131664893560695,Origins OSU,These ads ran without a disclaimer,≤100,2
103125711976531,spongybags,These ads ran without a disclaimer,≤100,1
1883003128429295,Queer Majority,These ads ran without a disclaimer,≤100,1